particle_id,longitude,latitude,mass,water_fraction,age_hours
0,72.62543030338355,18.9788920281474,1.0,0.0,0.0
1,72.6423372028295,18.972085957703772,1.0,0.0,0.0
2,72.63095442757326,18.959345043285715,1.0,0.0,0.0
3,72.61323036672937,18.95755646428064,1.0,0.0,0.0
4,72.59729981050225,18.96781401232662,1.0,0.0,0.0
5,72.62734177345868,18.954605931224187,1.0,0.0,0.0
6,72.62729165122373,18.97377181183672,1.0,0.0,0.0
7,72.5925158630237,18.953347390650617,1.0,0.0,0.0
8,72.61969894339805,18.97547641825099,1.0,0.0,0.0
9,72.63434985420702,18.967435382967587,1.0,0.0,0.0
10,72.60939959505943,18.95493671080393,1.0,0.0,0.0
11,72.62378633580175,18.988753948783902,1.0,0.0,0.0
12,72.62235635443965,18.963482471912943,1.0,0.0,0.0
13,72.60494353772776,18.978302068440982,1.0,0.0,0.0
14,72.6161629540751,18.989160404265334,1.0,0.0,0.0
15,72.60462353781936,18.984609740036564,1.0,0.0,0.0
16,72.64041016545458,18.964957271029668,1.0,0.0,0.0
17,72.61946581996219,18.97012750309636,1.0,0.0,0.0
18,72.60969989522017,18.97754093809702,1.0,0.0,0.0
19,72.63438971676759,18.98363764285095,1.0,0.0,0.0
20,72.65720208392615,18.989318736132894,1.0,0.0,0.0
21,72.6122277830254,18.97037798558714,1.0,0.0,0.0
22,72.62371152548096,18.94885661927873,1.0,0.0,0.0
23,72.63157626350376,18.977096004133102,1.0,0.0,0.0
24,72.60298827033701,18.97333294325938,1.0,0.0,0.0
25,72.61399749309683,18.975881094475216,1.0,0.0,0.0
26,72.62756843942402,18.99123577162266,1.0,0.0,0.0
27,72.61462804247009,18.9626938417981,1.0,0.0,0.0
28,72.61055334816996,18.998233749324726,1.0,0.0,0.0
29,72.63404627591606,18.977683416235838,1.0,0.0,0.0
30,72.60492061668704,18.967641936325023,1.0,0.0,0.0
31,72.61081331010708,18.982528276892637,1.0,0.0,0.0
32,72.5963100657393,18.95255476605184,1.0,0.0,0.0
33,72.60249337538924,18.993062053336324,1.0,0.0,0.0
34,72.61876212072049,18.981911792897243,1.0,0.0,0.0
35,72.58546860049798,18.95068472340935,1.0,0.0,0.0
36,72.63376393019587,18.976575550941227,1.0,0.0,0.0
37,72.61943242648715,18.975345970551793,1.0,0.0,0.0
38,72.58128597492508,18.965763987471636,1.0,0.0,0.0
39,72.58848559786531,18.962500345386918,1.0,0.0,0.0
40,72.60324219844793,18.982143056045548,1.0,0.0,0.0
41,72.64044753828686,18.994526778778944,1.0,0.0,0.0
42,72.63160570486225,18.980341416576405,1.0,0.0,0.0
43,72.63638791437366,18.95432939954304,1.0,0.0,0.0
44,72.62192850421322,18.982729711178155,1.0,0.0,0.0
45,72.58468024816152,18.958580709682273,1.0,0.0,0.0
46,72.62909331892335,18.975108291630836,1.0,0.0,0.0
47,72.62715911691716,18.950655813674015,1.0,0.0,0.0
48,72.59738949551578,18.94600189511286,1.0,0.0,0.0
49,72.61045627851828,18.965539135366484,1.0,0.0,0.0
50,72.60650346018375,18.953081863920154,1.0,0.0,0.0
51,72.63628542064886,18.963825798613755,1.0,0.0,0.0
52,72.62237253276224,18.992902073609237,1.0,0.0,0.0
53,72.63306353172742,18.993643106459757,1.0,0.0,0.0
54,72.61132049319605,19.016302847505415,1.0,0.0,0.0
55,72.60856408886983,18.990761970891135,1.0,0.0,0.0
56,72.6268807808401,18.9856383565667,1.0,0.0,0.0
57,72.60135628050354,18.999809051970924,1.0,0.0,0.0
58,72.60693527283496,18.9706343237264,1.0,0.0,0.0
59,72.6173562249739,18.989558308668542,1.0,0.0,0.0
60,72.62311563060025,18.967349076194324,1.0,0.0,0.0
61,72.6112850455282,18.96320487378972,1.0,0.0,0.0
62,72.61813173387371,18.958591354758923,1.0,0.0,0.0
63,72.60581696937584,18.961886144038353,1.0,0.0,0.0
64,72.6186050024586,18.997636665527665,1.0,0.0,0.0
65,72.60818729869857,18.981450831944606,1.0,0.0,0.0
66,72.60940095770958,18.999402265315748,1.0,0.0,0.0
67,72.62687925826094,19.004883580480964,1.0,0.0,0.0
68,72.62480206324167,18.97715175102851,1.0,0.0,0.0
69,72.61543458059263,18.9983831030848,1.0,0.0,0.0
70,72.67440803429497,18.99824141604349,1.0,0.0,0.0
71,72.57876066994463,18.956523275501084,1.0,0.0,0.0
72,72.5988227466527,18.976534348413946,1.0,0.0,0.0
73,72.60854899219541,18.975276177666473,1.0,0.0,0.0
74,72.60710908075727,18.96350414520215,1.0,0.0,0.0
75,72.59805302571982,18.9934150569636,1.0,0.0,0.0
76,72.60655046539948,18.951409800733117,1.0,0.0,0.0
77,72.60544996160034,18.957348343301778,1.0,0.0,0.0
78,72.59826129863596,18.988061079351457,1.0,0.0,0.0
79,72.59747374329197,18.967475795210312,1.0,0.0,0.0
80,72.60487783615189,18.95812476944905,1.0,0.0,0.0
81,72.6026990575664,18.962236978993353,1.0,0.0,0.0
82,72.58416459706342,18.967527418099987,1.0,0.0,0.0
83,72.65441904190492,18.987823607203683,1.0,0.0,0.0
84,72.62322572345634,18.969063478066712,1.0,0.0,0.0
85,72.6168437652883,18.940858078743243,1.0,0.0,0.0
86,72.61823879284108,18.981528644680736,1.0,0.0,0.0
87,72.635821831774,18.97799932057303,1.0,0.0,0.0
88,72.62073674535107,18.964609298357363,1.0,0.0,0.0
89,72.6159273285811,18.996817826915848,1.0,0.0,0.0
90,72.60890855381058,18.998305410793936,1.0,0.0,0.0
91,72.66565472918477,18.95662833268954,1.0,0.0,0.0
92,72.62389815401652,18.980879833487393,1.0,0.0,0.0
93,72.59236453787784,18.969191481793153,1.0,0.0,0.0
94,72.59068269757906,18.99968822853523,1.0,0.0,0.0
95,72.6036280100706,18.94830921005501,1.0,0.0,0.0
96,72.61066643492074,18.95833621920433,1.0,0.0,0.0
97,72.60589667420598,18.97950002248152,1.0,0.0,0.0
98,72.58087982694046,18.983346518331675,1.0,0.0,0.0
99,72.60499905945842,18.99285268053917,1.0,0.0,0.0
100,72.61420874113045,18.969035177029067,1.0,0.0,0.0
101,72.62784046712439,18.981578024185968,1.0,0.0,0.0
102,72.61719129410562,18.965423280961133,1.0,0.0,0.0
103,72.64186746889084,18.948669021093583,1.0,0.0,0.0
104,72.62860193913914,18.987543902515785,1.0,0.0,0.0
105,72.62380628215439,18.985407141522888,1.0,0.0,0.0
106,72.61215683189862,18.995356698791834,1.0,0.0,0.0
107,72.63423797549986,18.97107319503048,1.0,0.0,0.0
108,72.60553601930408,18.98522522563367,1.0,0.0,0.0
109,72.60053965489584,18.97993827462021,1.0,0.0,0.0
110,72.62859125639314,18.963924756764236,1.0,0.0,0.0
111,72.61740814067328,18.959662564745436,1.0,0.0,0.0
112,72.6299733263143,18.975892855637515,1.0,0.0,0.0
113,72.60495831162726,18.93837634193864,1.0,0.0,0.0
114,72.62022432716226,18.9728835691206,1.0,0.0,0.0
115,72.63134934771479,18.972585707766477,1.0,0.0,0.0
116,72.62507231881548,18.97761332781805,1.0,0.0,0.0
117,72.60184618946806,18.98328355581132,1.0,0.0,0.0
118,72.60335330890136,18.990902566965673,1.0,0.0,0.0
119,72.62483506861601,18.99358732955074,1.0,0.0,0.0
120,72.60164346559924,18.96789456655499,1.0,0.0,0.0
121,72.59610428951021,18.969389793691764,1.0,0.0,0.0
122,72.60551510812552,18.96787005199093,1.0,0.0,0.0
123,72.61048078649338,18.99917671277693,1.0,0.0,0.0
124,72.61915252929212,18.94486844240789,1.0,0.0,0.0
125,72.64055227093975,18.98442120509716,1.0,0.0,0.0
126,72.61135547101146,18.98483728698439,1.0,0.0,0.0
127,72.6312881602411,18.987549209693807,1.0,0.0,0.0
128,72.64142920675654,18.952345938247472,1.0,0.0,0.0
129,72.62161531601292,18.976117074112917,1.0,0.0,0.0
130,72.6132842104866,18.98759816772304,1.0,0.0,0.0
131,72.62483935030654,18.985857189300617,1.0,0.0,0.0
132,72.61880978700552,18.980192823084952,1.0,0.0,0.0
133,72.62349197208256,18.978924490356533,1.0,0.0,0.0
134,72.6105958683446,18.98291328688538,1.0,0.0,0.0
135,72.61747615882,18.97144770639144,1.0,0.0,0.0
136,72.6431393591148,18.966573664077526,1.0,0.0,0.0
137,72.62121849399993,18.99098652530943,1.0,0.0,0.0
138,72.62854664793142,19.008553640680717,1.0,0.0,0.0
139,72.60771218687802,18.971605581875288,1.0,0.0,0.0
140,72.61382920366124,18.98293108009136,1.0,0.0,0.0
141,72.63271732061456,18.944098274097307,1.0,0.0,0.0
142,72.62450992567575,18.99356271064878,1.0,0.0,0.0
143,72.62656742632836,18.960986059746286,1.0,0.0,0.0
144,72.64446731707986,18.97456987369743,1.0,0.0,0.0
145,72.6109259525079,18.99704225493199,1.0,0.0,0.0
146,72.61706358465743,18.986407526106326,1.0,0.0,0.0
147,72.58212864067934,18.974065713623176,1.0,0.0,0.0
148,72.61888281545548,18.953580858113696,1.0,0.0,0.0
149,72.6036866666934,18.927903077870088,1.0,0.0,0.0
150,72.6089744716882,18.990520512598856,1.0,0.0,0.0
151,72.62433877131454,18.979208659273468,1.0,0.0,0.0
152,72.62849086464628,18.979439519692498,1.0,0.0,0.0
153,72.61756865387973,18.95513350861066,1.0,0.0,0.0
154,72.62780524535307,18.961505812360716,1.0,0.0,0.0
155,72.6232890933309,18.991055322871066,1.0,0.0,0.0
156,72.61393093703511,18.990653934416102,1.0,0.0,0.0
157,72.61457369888095,18.97695730747991,1.0,0.0,0.0
158,72.6294100645139,18.977662995684383,1.0,0.0,0.0
159,72.60151692165516,18.986871806186382,1.0,0.0,0.0
160,72.60996646196799,18.967796373742324,1.0,0.0,0.0
161,72.61823259884515,18.97341942758223,1.0,0.0,0.0
162,72.6311777017405,19.017484714945954,1.0,0.0,0.0
163,72.60445916808972,18.985686837055816,1.0,0.0,0.0
164,72.59366259764465,18.96433969491006,1.0,0.0,0.0
165,72.64241549576285,18.992698200647563,1.0,0.0,0.0
166,72.62918562104595,18.977505607031322,1.0,0.0,0.0
167,72.62116990395803,18.958418554544046,1.0,0.0,0.0
168,72.63672071597819,18.98442686398567,1.0,0.0,0.0
169,72.62294589393005,18.94059560113097,1.0,0.0,0.0
170,72.62200471398349,18.979778109744213,1.0,0.0,0.0
171,72.58042239770879,18.963686955491795,1.0,0.0,0.0
172,72.62310581284784,18.944103744848633,1.0,0.0,0.0
173,72.61529760628171,18.983710406547058,1.0,0.0,0.0
174,72.61363406693985,18.97023766460621,1.0,0.0,0.0
175,72.61839925956578,18.978983140935153,1.0,0.0,0.0
176,72.62126758912991,18.963173815723643,1.0,0.0,0.0
177,72.59689735257096,18.94684373348592,1.0,0.0,0.0
178,72.62603550115904,18.95387810339174,1.0,0.0,0.0
179,72.62702537327762,18.953915979222877,1.0,0.0,0.0
180,72.59897549246438,18.996365381335785,1.0,0.0,0.0
181,72.62583122975848,18.9593861114512,1.0,0.0,0.0
182,72.65012210309935,18.97413336014331,1.0,0.0,0.0
183,72.61171785465929,18.98016189747453,1.0,0.0,0.0
184,72.61631067346755,18.96368448390468,1.0,0.0,0.0
185,72.6584801013452,18.955224802425935,1.0,0.0,0.0
186,72.60414140629902,18.99648421581364,1.0,0.0,0.0
187,72.6012801223036,18.99625643711877,1.0,0.0,0.0
188,72.64375562540563,18.991895923835504,1.0,0.0,0.0
189,72.61972445894445,18.977587880291935,1.0,0.0,0.0
190,72.6260484060895,18.95971232862691,1.0,0.0,0.0
191,72.59913069631793,18.97095267123371,1.0,0.0,0.0
192,72.62293999468025,18.94727838870199,1.0,0.0,0.0
193,72.62946387300623,18.98075103243366,1.0,0.0,0.0
194,72.61688227716776,18.962323092648766,1.0,0.0,0.0
195,72.61045109273654,18.958858848267695,1.0,0.0,0.0
196,72.61550306688048,18.98202508139975,1.0,0.0,0.0
197,72.60743318261598,18.97503600358149,1.0,0.0,0.0
198,72.61423174252174,19.002236947864926,1.0,0.0,0.0
199,72.61120324269406,18.965941662497308,1.0,0.0,0.0
200,72.62626812687132,18.983458123624697,1.0,0.0,0.0
201,72.62656202449442,18.953529038815645,1.0,0.0,0.0
202,72.66957421310802,18.96333994547089,1.0,0.0,0.0
203,72.61688757508131,18.987999972780813,1.0,0.0,0.0
204,72.63010831907921,19.00148533929895,1.0,0.0,0.0
205,72.6402075385264,18.952973903761436,1.0,0.0,0.0
206,72.61169594142682,18.979111744463836,1.0,0.0,0.0
207,72.61365298068414,18.99296155963558,1.0,0.0,0.0
208,72.6186183995719,18.996345839716472,1.0,0.0,0.0
209,72.60868795814783,18.974803043953376,1.0,0.0,0.0
210,72.63923913898257,18.99404911244219,1.0,0.0,0.0
211,72.62572746408453,18.993316975682873,1.0,0.0,0.0
212,72.60955256990428,18.972490465608004,1.0,0.0,0.0
213,72.62505386257949,18.968740917975072,1.0,0.0,0.0
214,72.63435580634437,18.98154061359094,1.0,0.0,0.0
215,72.61888872759708,18.992998649210953,1.0,0.0,0.0
216,72.64585144231526,18.983033143074177,1.0,0.0,0.0
217,72.60543849067592,18.97242400204169,1.0,0.0,0.0
218,72.6182539712142,19.00418260429068,1.0,0.0,0.0
219,72.6409475206923,18.957585349128305,1.0,0.0,0.0
220,72.61603786614707,18.95928549867541,1.0,0.0,0.0
221,72.65715988337358,18.96790470823765,1.0,0.0,0.0
222,72.60499238051842,18.962998838533444,1.0,0.0,0.0
223,72.60586271281115,18.964128913775163,1.0,0.0,0.0
224,72.63388837572995,18.99074213823598,1.0,0.0,0.0
225,72.61545642605934,18.946550047961853,1.0,0.0,0.0
226,72.62726793192404,18.971191980839325,1.0,0.0,0.0
227,72.60588500420052,18.977494878592104,1.0,0.0,0.0
228,72.62855898566474,18.98903390888229,1.0,0.0,0.0
229,72.602546132232,18.986772685981304,1.0,0.0,0.0
230,72.59807264017292,18.994956540188358,1.0,0.0,0.0
231,72.60683621466508,18.96256331834397,1.0,0.0,0.0
232,72.63971695725574,18.971358646809318,1.0,0.0,0.0
233,72.60050953803844,19.00233558277731,1.0,0.0,0.0
234,72.61404460763134,18.977104975380673,1.0,0.0,0.0
235,72.6025882547411,18.98417238100733,1.0,0.0,0.0
236,72.63489392635843,18.992664922944524,1.0,0.0,0.0
237,72.63292682502255,18.98099906536781,1.0,0.0,0.0
238,72.60530816440952,18.976851467339067,1.0,0.0,0.0
239,72.59839736646605,18.97466017179931,1.0,0.0,0.0
240,72.62848413802713,18.98600873264333,1.0,0.0,0.0
241,72.59989088839859,18.99105762151078,1.0,0.0,0.0
242,72.6341201588168,18.97253429666347,1.0,0.0,0.0
243,72.58912973191676,18.971632549351412,1.0,0.0,0.0
244,72.62129997196021,18.96272145716292,1.0,0.0,0.0
245,72.62557245705847,18.98064044874766,1.0,0.0,0.0
246,72.61747059694713,18.995778248708064,1.0,0.0,0.0
247,72.62388312386088,18.971129846748962,1.0,0.0,0.0
248,72.64817549478721,18.968663229354107,1.0,0.0,0.0
249,72.60138367106168,18.982019050821062,1.0,0.0,0.0
250,72.62207713396023,19.00855916252766,1.0,0.0,0.0
251,72.59450902028144,18.988379176785696,1.0,0.0,0.0
252,72.62211811911656,18.96000294953837,1.0,0.0,0.0
253,72.63399183603569,18.973337656554403,1.0,0.0,0.0
254,72.6149392114399,18.96220484944041,1.0,0.0,0.0
255,72.60343463300174,18.98488233505779,1.0,0.0,0.0
256,72.6140392233782,18.97792120751635,1.0,0.0,0.0
257,72.60524530524333,18.985412638391075,1.0,0.0,0.0
258,72.58956471758582,18.978489245861386,1.0,0.0,0.0
259,72.61157297596708,18.956760541091107,1.0,0.0,0.0
260,72.59893787259364,18.97420605724484,1.0,0.0,0.0
261,72.58456422086712,18.991406932221153,1.0,0.0,0.0
262,72.62108299316434,18.969860100588907,1.0,0.0,0.0
263,72.64047347237431,18.964576729243557,1.0,0.0,0.0
264,72.60112200248079,18.9887911754955,1.0,0.0,0.0
265,72.64718940474333,18.969275824717638,1.0,0.0,0.0
266,72.63020763327562,18.971037856734466,1.0,0.0,0.0
267,72.63213864953126,18.979188949182028,1.0,0.0,0.0
268,72.62193381966702,18.987546541339622,1.0,0.0,0.0
269,72.6155565994314,18.976661237290024,1.0,0.0,0.0
270,72.637586354773,18.968953917163084,1.0,0.0,0.0
271,72.60910298877418,18.992349263989155,1.0,0.0,0.0
272,72.61712679393952,18.98035849459458,1.0,0.0,0.0
273,72.63555953701012,18.979493440564667,1.0,0.0,0.0
274,72.6142848036365,18.970578785058134,1.0,0.0,0.0
275,72.61384347237599,18.963425626339372,1.0,0.0,0.0
276,72.61411805771333,18.972150070358694,1.0,0.0,0.0
277,72.61914688423485,18.97278191071185,1.0,0.0,0.0
278,72.6173124957568,18.980477097343304,1.0,0.0,0.0
279,72.62452229930534,19.001575423711877,1.0,0.0,0.0
280,72.6395615920817,18.980180881892533,1.0,0.0,0.0
281,72.61656398552682,18.984270174389163,1.0,0.0,0.0
282,72.61461132803952,18.980424961366072,1.0,0.0,0.0
283,72.64629789891957,18.982714871506396,1.0,0.0,0.0
284,72.62016830724725,18.974124669881068,1.0,0.0,0.0
285,72.62175148336672,18.98384033719972,1.0,0.0,0.0
286,72.59611128782925,18.970902707664944,1.0,0.0,0.0
287,72.61504005397434,18.988230881337202,1.0,0.0,0.0
288,72.59681554184087,18.969005476458115,1.0,0.0,0.0
289,72.61388961529775,19.013345711911203,1.0,0.0,0.0
290,72.64038587787795,18.972489807670712,1.0,0.0,0.0
291,72.62838722698274,18.979950024960214,1.0,0.0,0.0
292,72.62741010230984,18.997304815810274,1.0,0.0,0.0
293,72.64124500355092,18.969902928430614,1.0,0.0,0.0
294,72.61624843096038,18.987161639266187,1.0,0.0,0.0
295,72.63562979520867,18.990875298762287,1.0,0.0,0.0
296,72.61975415310317,18.95110322374617,1.0,0.0,0.0
297,72.63203558991509,18.986686363521383,1.0,0.0,0.0
298,72.62963661362038,18.9883740718599,1.0,0.0,0.0
299,72.62319383563928,18.974403432837672,1.0,0.0,0.0
300,72.62181410926014,18.97247091180484,1.0,0.0,0.0
301,72.6263180376351,18.965624995868495,1.0,0.0,0.0
302,72.62373709538227,18.98093304140613,1.0,0.0,0.0
303,72.61991788231806,18.978897764324216,1.0,0.0,0.0
304,72.60825202042597,18.97343096108867,1.0,0.0,0.0
305,72.63264076498122,18.958959975456597,1.0,0.0,0.0
306,72.6326154834603,18.960642373372355,1.0,0.0,0.0
307,72.59004203844026,18.986187715904805,1.0,0.0,0.0
308,72.59473447965371,18.957082981574054,1.0,0.0,0.0
309,72.63834951194485,18.991701384682706,1.0,0.0,0.0
310,72.60242585687826,18.988576320560345,1.0,0.0,0.0
311,72.63003596745676,18.98284151207787,1.0,0.0,0.0
312,72.62376990107313,18.95803991615827,1.0,0.0,0.0
313,72.61158935064506,18.955910360097747,1.0,0.0,0.0
314,72.62531873078608,19.00291346780094,1.0,0.0,0.0
315,72.60088287389006,18.944450043242192,1.0,0.0,0.0
316,72.62154486064601,18.971010823112838,1.0,0.0,0.0
317,72.63442740229252,18.958462982103637,1.0,0.0,0.0
318,72.60710739116969,18.974410656776843,1.0,0.0,0.0
319,72.63759737467629,18.97376399119817,1.0,0.0,0.0
320,72.6532023091888,18.976030890854762,1.0,0.0,0.0
321,72.60479771504363,19.01334238698202,1.0,0.0,0.0
322,72.61658141518343,18.97995640910751,1.0,0.0,0.0
323,72.63023354029477,19.01755596103269,1.0,0.0,0.0
324,72.6438248677656,18.96710311811236,1.0,0.0,0.0
325,72.61991194832859,18.9530733059399,1.0,0.0,0.0
326,72.62330122674005,18.990864492774637,1.0,0.0,0.0
327,72.5992571035443,18.96375688996514,1.0,0.0,0.0
328,72.61244346775489,18.97709113649309,1.0,0.0,0.0
329,72.62799870427538,18.985639843268096,1.0,0.0,0.0
330,72.58427585150189,18.954220971713934,1.0,0.0,0.0
331,72.61057451262596,19.000991567993236,1.0,0.0,0.0
332,72.59239380941035,18.963948109212993,1.0,0.0,0.0
333,72.60697888212044,18.970958088099646,1.0,0.0,0.0
334,72.63016503718515,18.985634488274968,1.0,0.0,0.0
335,72.61118595266456,18.976736605615425,1.0,0.0,0.0
336,72.6184293815836,18.98816757381826,1.0,0.0,0.0
337,72.5944430218308,18.98363821019453,1.0,0.0,0.0
338,72.62202535758254,18.969665188253813,1.0,0.0,0.0
339,72.67070087205424,18.963376434577874,1.0,0.0,0.0
340,72.61719439796808,18.991054683856017,1.0,0.0,0.0
341,72.61783783864102,18.975692075287462,1.0,0.0,0.0
342,72.64217004689354,18.976841657994086,1.0,0.0,0.0
343,72.61467772840022,18.985871354468205,1.0,0.0,0.0
344,72.6334557450999,18.961741256567397,1.0,0.0,0.0
345,72.61226552689142,18.98902589227372,1.0,0.0,0.0
346,72.61121015835519,18.964547259960213,1.0,0.0,0.0
347,72.61926537220909,18.989711848309618,1.0,0.0,0.0
348,72.63263642431018,18.971770399807117,1.0,0.0,0.0
349,72.59629642654328,18.964508150342315,1.0,0.0,0.0
350,72.64567319100458,18.967101947939163,1.0,0.0,0.0
351,72.63291604740957,18.988307129831206,1.0,0.0,0.0
352,72.63868676644395,18.96658854836604,1.0,0.0,0.0
353,72.60644315161576,18.96937821511396,1.0,0.0,0.0
354,72.64055920471874,18.975414202916003,1.0,0.0,0.0
355,72.62105507678824,18.99022579048919,1.0,0.0,0.0
356,72.60860574612327,18.949563280710755,1.0,0.0,0.0
357,72.62410668082373,18.95360556412939,1.0,0.0,0.0
358,72.64106068568731,18.983111438439213,1.0,0.0,0.0
359,72.59805304495642,19.007993221870333,1.0,0.0,0.0
360,72.62020042807842,18.952709761839106,1.0,0.0,0.0
361,72.59861935523952,18.97489253448326,1.0,0.0,0.0
362,72.57249792979506,18.966540981749056,1.0,0.0,0.0
363,72.61941322540387,18.97468214283106,1.0,0.0,0.0
364,72.6542355688393,18.957365067160048,1.0,0.0,0.0
365,72.61965277901447,18.969403561752408,1.0,0.0,0.0
366,72.6075532076422,18.96130925241202,1.0,0.0,0.0
367,72.59399315408406,18.992476381998983,1.0,0.0,0.0
368,72.64522582388733,18.958890485137054,1.0,0.0,0.0
369,72.61578321508554,18.93930461676028,1.0,0.0,0.0
370,72.62465025603622,18.989697630542754,1.0,0.0,0.0
371,72.61453216322704,18.990811549507637,1.0,0.0,0.0
372,72.58944974436969,18.95318087664533,1.0,0.0,0.0
373,72.61466851662242,18.96359643595518,1.0,0.0,0.0
374,72.64449958004269,18.967246588577144,1.0,0.0,0.0
375,72.58247112463883,18.984199692427726,1.0,0.0,0.0
376,72.61674924247649,18.97566124724196,1.0,0.0,0.0
377,72.60591590299191,18.970728967702357,1.0,0.0,0.0
378,72.62279388159638,18.961998351203892,1.0,0.0,0.0
379,72.61051122265158,18.960285031841707,1.0,0.0,0.0
380,72.6301633763407,18.965587015922335,1.0,0.0,0.0
381,72.64697598397208,18.990401738798145,1.0,0.0,0.0
382,72.63871081425881,18.961725774746,1.0,0.0,0.0
383,72.61897040510978,18.9530976538187,1.0,0.0,0.0
384,72.59332651109881,18.967739033778596,1.0,0.0,0.0
385,72.59806836733559,18.972038231624087,1.0,0.0,0.0
386,72.61330636015416,18.9908434847858,1.0,0.0,0.0
387,72.5979906423126,18.985954603279303,1.0,0.0,0.0
388,72.62083599174493,18.977100248035587,1.0,0.0,0.0
389,72.60925191168205,18.989890113511795,1.0,0.0,0.0
390,72.59986492203217,18.987782651071587,1.0,0.0,0.0
391,72.6194320189998,19.007274368882698,1.0,0.0,0.0
392,72.62179915098959,18.961070578562254,1.0,0.0,0.0
393,72.64286082012225,18.984806722982764,1.0,0.0,0.0
394,72.60895685564866,18.986269131240533,1.0,0.0,0.0
395,72.61118778888031,18.96775592165878,1.0,0.0,0.0
396,72.63410408397064,19.00444151521656,1.0,0.0,0.0
397,72.63326023884014,18.990359060301163,1.0,0.0,0.0
398,72.60958257064796,18.97874644848126,1.0,0.0,0.0
399,72.63851956380942,18.997004562906714,1.0,0.0,0.0
400,72.6017677363396,18.9690538462171,1.0,0.0,0.0
401,72.61369504719755,18.97198486647642,1.0,0.0,0.0
402,72.60140698664185,18.9604948791332,1.0,0.0,0.0
403,72.62588198925972,18.979110958679016,1.0,0.0,0.0
404,72.62616378998933,18.979551378111193,1.0,0.0,0.0
405,72.63988310515967,18.98795300034365,1.0,0.0,0.0
406,72.61960538304706,18.9661811488081,1.0,0.0,0.0
407,72.59708932630895,18.970355849541303,1.0,0.0,0.0
408,72.62093334689257,18.957903689316684,1.0,0.0,0.0
409,72.61648008332692,18.963193567950206,1.0,0.0,0.0
410,72.6120596457114,18.991492635027825,1.0,0.0,0.0
411,72.64853525904924,18.960946056563106,1.0,0.0,0.0
412,72.61460412023273,18.977368686209665,1.0,0.0,0.0
413,72.58598446063296,18.977701221993865,1.0,0.0,0.0
414,72.61013653847313,18.97673416719886,1.0,0.0,0.0
415,72.60967213061477,18.999770049117895,1.0,0.0,0.0
416,72.63945383982026,18.967554627756655,1.0,0.0,0.0
417,72.63746865495038,18.97698333887489,1.0,0.0,0.0
418,72.62091383704715,19.00808670885494,1.0,0.0,0.0
419,72.62370120718937,18.951634829084732,1.0,0.0,0.0
420,72.63823461762956,18.969512279788454,1.0,0.0,0.0
421,72.67264613626045,18.970995176357746,1.0,0.0,0.0
422,72.63272945787409,18.983884172093827,1.0,0.0,0.0
423,72.6113188090736,18.95590122690154,1.0,0.0,0.0
424,72.59403436723436,18.97431742847282,1.0,0.0,0.0
425,72.62838046190718,18.961222537302035,1.0,0.0,0.0
426,72.61777569873514,18.977711923099967,1.0,0.0,0.0
427,72.60430707588867,18.98018665286477,1.0,0.0,0.0
428,72.63147950588314,19.00235741467824,1.0,0.0,0.0
429,72.61631890691498,18.991085866719917,1.0,0.0,0.0
430,72.63293209875197,18.953785187601298,1.0,0.0,0.0
431,72.61534122470621,18.953588903947573,1.0,0.0,0.0
432,72.59863718926105,18.9736479384733,1.0,0.0,0.0
433,72.62295418506491,18.97461694734881,1.0,0.0,0.0
434,72.61074022807335,18.996664233040768,1.0,0.0,0.0
435,72.62376185939046,19.000867004707743,1.0,0.0,0.0
436,72.62432099734004,18.990112751409566,1.0,0.0,0.0
437,72.62170281329131,18.9941971690505,1.0,0.0,0.0
438,72.62038094322052,18.9968991169949,1.0,0.0,0.0
439,72.60335448153731,18.97582085497326,1.0,0.0,0.0
440,72.60665001318853,18.969038842091642,1.0,0.0,0.0
441,72.62548117509547,18.982437469700834,1.0,0.0,0.0
442,72.60947910273613,18.99289229100227,1.0,0.0,0.0
443,72.61734044281927,18.992238002109687,1.0,0.0,0.0
444,72.63054200348533,18.962108943340116,1.0,0.0,0.0
445,72.65520856499742,18.992386690619433,1.0,0.0,0.0
446,72.61218972360172,18.98411914395683,1.0,0.0,0.0
447,72.6109920251718,19.00632619415987,1.0,0.0,0.0
448,72.60841297275559,18.980299045096146,1.0,0.0,0.0
449,72.62734015172623,18.966736317616053,1.0,0.0,0.0
450,72.62583987514559,18.9532604451488,1.0,0.0,0.0
451,72.60643670013211,18.961257903664222,1.0,0.0,0.0
452,72.61465360214946,18.98203676070457,1.0,0.0,0.0
453,72.6082663463663,18.97447333966328,1.0,0.0,0.0
454,72.60886420397973,18.96217466806371,1.0,0.0,0.0
455,72.61413092649494,18.957010277490603,1.0,0.0,0.0
456,72.58282881394503,18.97209171578777,1.0,0.0,0.0
457,72.62759804601157,18.97192966984109,1.0,0.0,0.0
458,72.56192752655775,18.97480314124255,1.0,0.0,0.0
459,72.62596035593795,18.963654891776663,1.0,0.0,0.0
460,72.62807641261763,18.970749705386826,1.0,0.0,0.0
461,72.62791642854002,18.953676868306804,1.0,0.0,0.0
462,72.62881016161349,18.95717041494716,1.0,0.0,0.0
463,72.5958074828831,18.974615905448257,1.0,0.0,0.0
464,72.64864064000962,19.005884749022375,1.0,0.0,0.0
465,72.60816959127224,18.97903521895899,1.0,0.0,0.0
466,72.6046862122632,18.994619331141372,1.0,0.0,0.0
467,72.60071823244672,18.98508546006345,1.0,0.0,0.0
468,72.63208879483622,18.952271273643913,1.0,0.0,0.0
469,72.62741229634779,18.970655851585274,1.0,0.0,0.0
470,72.6283280408412,18.979490878937604,1.0,0.0,0.0
471,72.62079542102974,18.992457158478473,1.0,0.0,0.0
472,72.61236518869131,18.972987953257594,1.0,0.0,0.0
473,72.63509608171731,18.947732096177337,1.0,0.0,0.0
474,72.6214759227992,18.959990538219493,1.0,0.0,0.0
475,72.62274663067987,18.960831855997036,1.0,0.0,0.0
476,72.63390132346507,18.996668986349782,1.0,0.0,0.0
477,72.6061468321102,18.987466172818095,1.0,0.0,0.0
478,72.62001261701943,18.966210276667724,1.0,0.0,0.0
479,72.57915724102523,18.964410448006344,1.0,0.0,0.0
480,72.61952589158385,18.988259461657535,1.0,0.0,0.0
481,72.6083415339732,18.979032522551613,1.0,0.0,0.0
482,72.62948856482919,18.98017632543658,1.0,0.0,0.0
483,72.61097849842793,18.957202841573277,1.0,0.0,0.0
484,72.61967265751818,18.973013367172435,1.0,0.0,0.0
485,72.62839783018734,18.957482535057704,1.0,0.0,0.0
486,72.62764309580145,18.994981728053176,1.0,0.0,0.0
487,72.64140502227771,18.991041500250976,1.0,0.0,0.0
488,72.60927743653508,18.960122875842945,1.0,0.0,0.0
489,72.60909109778365,18.96619873233043,1.0,0.0,0.0
490,72.63964758825804,18.995190700308946,1.0,0.0,0.0
491,72.6217237258031,18.97102284229695,1.0,0.0,0.0
492,72.61177910622554,18.984485471918383,1.0,0.0,0.0
493,72.62882358103937,18.98198178664259,1.0,0.0,0.0
494,72.60663150850871,19.012263064065035,1.0,0.0,0.0
495,72.64342731645462,18.9458345616231,1.0,0.0,0.0
496,72.60140225582214,18.966571669097505,1.0,0.0,0.0
497,72.60303886961452,18.986974806153206,1.0,0.0,0.0
498,72.6125966540121,18.96891351167295,1.0,0.0,0.0
499,72.60458952441545,18.96233290003209,1.0,0.0,0.0
500,72.60554573152073,18.95366029232365,1.0,0.0,0.0
501,72.63425924703135,18.977881467230553,1.0,0.0,0.0
502,72.638280298657,18.981182411458565,1.0,0.0,0.0
503,72.61488328074607,18.98192319064996,1.0,0.0,0.0
504,72.61725855134591,18.977998482523958,1.0,0.0,0.0
505,72.64271850907285,18.96333894144715,1.0,0.0,0.0
506,72.61811113501784,18.959699167258226,1.0,0.0,0.0
507,72.59972870721823,18.961178661966276,1.0,0.0,0.0
508,72.61224893734592,18.994198089511247,1.0,0.0,0.0
509,72.60005283378524,18.993935904595503,1.0,0.0,0.0
510,72.60431736885778,18.97336799440244,1.0,0.0,0.0
511,72.60257791817892,18.973953118951727,1.0,0.0,0.0
512,72.6322975829509,18.95617060719823,1.0,0.0,0.0
513,72.62216302884448,18.98169891775658,1.0,0.0,0.0
514,72.58180725740216,18.98419282509497,1.0,0.0,0.0
515,72.61359593287132,18.9739332788613,1.0,0.0,0.0
516,72.59871154483557,18.940265348002438,1.0,0.0,0.0
517,72.61920884603363,18.97749056826752,1.0,0.0,0.0
518,72.63282300255152,18.986415928190933,1.0,0.0,0.0
519,72.5995343134825,18.969572025981556,1.0,0.0,0.0
520,72.60883213975976,19.018577439797067,1.0,0.0,0.0
521,72.62340287565942,18.97831882795861,1.0,0.0,0.0
522,72.61258498254402,18.96561261881817,1.0,0.0,0.0
523,72.61751724904975,18.97955050792634,1.0,0.0,0.0
524,72.64009866920476,19.010909442663237,1.0,0.0,0.0
525,72.60537997770999,18.98695499929212,1.0,0.0,0.0
526,72.62029077636166,18.986160307449214,1.0,0.0,0.0
527,72.63315493949514,18.96877841596836,1.0,0.0,0.0
528,72.59367303582052,18.983536523411512,1.0,0.0,0.0
529,72.60048460449639,19.00029564506826,1.0,0.0,0.0
530,72.61725647644067,18.962995602288693,1.0,0.0,0.0
531,72.61223296809277,18.97178792826652,1.0,0.0,0.0
532,72.60874493253073,18.970694606562027,1.0,0.0,0.0
533,72.61799613450683,18.96361530976025,1.0,0.0,0.0
534,72.62308920422262,18.978546210734418,1.0,0.0,0.0
535,72.63341048393958,19.00692590655699,1.0,0.0,0.0
536,72.58742701994807,18.968321927115362,1.0,0.0,0.0
537,72.61247990342717,18.972592986453886,1.0,0.0,0.0
538,72.63745471307882,18.964995519836943,1.0,0.0,0.0
539,72.59731653345946,18.96112760407588,1.0,0.0,0.0
540,72.61530672438678,18.953070316360666,1.0,0.0,0.0
541,72.59975277612841,18.974495414570672,1.0,0.0,0.0
542,72.62809387798944,18.973958112567278,1.0,0.0,0.0
543,72.58948994961526,18.964252051553633,1.0,0.0,0.0
544,72.60440607081436,18.956560065896582,1.0,0.0,0.0
545,72.61598911776879,18.977592125842587,1.0,0.0,0.0
546,72.62914293177282,18.988004779232696,1.0,0.0,0.0
547,72.63510515592678,18.945583081362454,1.0,0.0,0.0
548,72.64194843003634,18.984730461806738,1.0,0.0,0.0
549,72.60130913192837,18.982797027714764,1.0,0.0,0.0
550,72.59954211823525,18.98431698944187,1.0,0.0,0.0
551,72.62675978056741,18.980853578073933,1.0,0.0,0.0
552,72.59186768249134,18.98127241847109,1.0,0.0,0.0
553,72.62237096794372,18.97178674454267,1.0,0.0,0.0
554,72.64043399476003,18.955001038414512,1.0,0.0,0.0
555,72.61372641323901,18.99026840775018,1.0,0.0,0.0
556,72.6355780094066,18.953746541771775,1.0,0.0,0.0
557,72.60739093130813,18.967820839130148,1.0,0.0,0.0
558,72.62109345284513,18.99127687771725,1.0,0.0,0.0
559,72.63810742627702,18.980396645746467,1.0,0.0,0.0
560,72.61025304007144,18.96212122166048,1.0,0.0,0.0
561,72.5998714658677,18.974391129113336,1.0,0.0,0.0
562,72.62564453872838,18.971984377766038,1.0,0.0,0.0
563,72.62243489793703,18.963855120291285,1.0,0.0,0.0
564,72.59291293223703,18.987345322965297,1.0,0.0,0.0
565,72.59778000700882,18.967261473021072,1.0,0.0,0.0
566,72.60179103437547,18.999162003099485,1.0,0.0,0.0
567,72.63982755270678,18.991077223569405,1.0,0.0,0.0
568,72.62134969178153,18.991032391872167,1.0,0.0,0.0
569,72.60327840507861,18.968210845858408,1.0,0.0,0.0
570,72.59666564618446,18.962031284699144,1.0,0.0,0.0
571,72.6602329986155,18.977236167241333,1.0,0.0,0.0
572,72.62312506571264,18.968585109106215,1.0,0.0,0.0
573,72.60887148571874,18.95366660430264,1.0,0.0,0.0
574,72.61127864950686,18.96187274779631,1.0,0.0,0.0
575,72.60835352795497,18.99566631094632,1.0,0.0,0.0
576,72.63535515751434,18.960550552531643,1.0,0.0,0.0
577,72.59461149005956,18.962764979364035,1.0,0.0,0.0
578,72.6509379943863,18.992962357805066,1.0,0.0,0.0
579,72.61201246315954,18.979742966354628,1.0,0.0,0.0
580,72.62017442741868,18.99034023155142,1.0,0.0,0.0
581,72.62843495707456,18.974152041328267,1.0,0.0,0.0
582,72.63637846187105,18.94790508985781,1.0,0.0,0.0
583,72.6279581583873,18.95575625051474,1.0,0.0,0.0
584,72.59894620889143,18.97640768947969,1.0,0.0,0.0
585,72.60570086047268,18.955095780702994,1.0,0.0,0.0
586,72.62200783906664,18.97286640758861,1.0,0.0,0.0
587,72.62391356094066,19.00158025500455,1.0,0.0,0.0
588,72.61074360045185,18.95626525105777,1.0,0.0,0.0
589,72.60528876896677,18.997439949673623,1.0,0.0,0.0
590,72.6277896505063,18.96940806949586,1.0,0.0,0.0
591,72.62292728637749,18.95851170531819,1.0,0.0,0.0
592,72.65289473692073,18.974710149552145,1.0,0.0,0.0
593,72.6192541587707,19.00239846711453,1.0,0.0,0.0
594,72.59142985168943,18.98920805859487,1.0,0.0,0.0
595,72.60039294764158,18.980225126249657,1.0,0.0,0.0
596,72.64399884250986,19.009483143364243,1.0,0.0,0.0
597,72.62424027137918,19.00601027448834,1.0,0.0,0.0
598,72.60748792986801,18.99986679544247,1.0,0.0,0.0
599,72.5834981450798,18.978697594985757,1.0,0.0,0.0
600,72.60566380010692,18.990593506424425,1.0,0.0,0.0
601,72.61563157292316,18.9797108869928,1.0,0.0,0.0
602,72.59995046406121,18.977171829467263,1.0,0.0,0.0
603,72.60405228368943,18.962764454834247,1.0,0.0,0.0
604,72.61695604020787,18.97678622298282,1.0,0.0,0.0
605,72.62301410134742,18.972283041612545,1.0,0.0,0.0
606,72.65195431724061,18.96671818713306,1.0,0.0,0.0
607,72.59149272133871,18.978906672086193,1.0,0.0,0.0
608,72.6362112628089,18.984423846577183,1.0,0.0,0.0
609,72.59817466838332,18.97460464209303,1.0,0.0,0.0
610,72.61112202040871,18.958485351533028,1.0,0.0,0.0
611,72.63607351066173,18.973311404422905,1.0,0.0,0.0
612,72.5987133794919,18.957149660857116,1.0,0.0,0.0
613,72.61324842526074,18.980237301710908,1.0,0.0,0.0
614,72.62712589255779,18.97495673361878,1.0,0.0,0.0
615,72.6218066416214,18.996787351915554,1.0,0.0,0.0
616,72.60405323005256,18.982137581774126,1.0,0.0,0.0
617,72.63813709125405,19.000650501770803,1.0,0.0,0.0
618,72.64429552571026,18.963859871282406,1.0,0.0,0.0
619,72.64927907203008,18.99836842376916,1.0,0.0,0.0
620,72.61104619773093,18.963125219241835,1.0,0.0,0.0
621,72.59210769733126,18.98391047387296,1.0,0.0,0.0
622,72.60893331271762,18.935498479207425,1.0,0.0,0.0
623,72.61685109578693,18.988579580944812,1.0,0.0,0.0
624,72.58447394898194,18.984914113885413,1.0,0.0,0.0
625,72.61282689684221,18.955890925169932,1.0,0.0,0.0
626,72.61227469673676,18.979463227584567,1.0,0.0,0.0
627,72.61683336020816,19.014565538867064,1.0,0.0,0.0
628,72.62757741819553,18.95956227824109,1.0,0.0,0.0
629,72.61210316689042,18.976061345586665,1.0,0.0,0.0
630,72.62317032665005,18.977495631388365,1.0,0.0,0.0
631,72.60387700239458,18.98276776545159,1.0,0.0,0.0
632,72.60540622317369,18.96912064199754,1.0,0.0,0.0
633,72.61676590275978,18.980392713712575,1.0,0.0,0.0
634,72.63933098386136,18.974138126061714,1.0,0.0,0.0
635,72.633111113286,18.97427270553499,1.0,0.0,0.0
636,72.64857556431991,18.980289991239164,1.0,0.0,0.0
637,72.6094354462626,18.957164127129623,1.0,0.0,0.0
638,72.63266197433937,18.976316778834175,1.0,0.0,0.0
639,72.60835124039095,18.97884703928454,1.0,0.0,0.0
640,72.61777901276089,18.954427371184757,1.0,0.0,0.0
641,72.62975557839803,18.980621858580967,1.0,0.0,0.0
642,72.62566347414953,18.9782696452325,1.0,0.0,0.0
643,72.59421229889311,18.978856927985145,1.0,0.0,0.0
644,72.60722957023832,18.982889194357693,1.0,0.0,0.0
645,72.60334525631056,18.95977676241099,1.0,0.0,0.0
646,72.61488901949507,18.984291063043155,1.0,0.0,0.0
647,72.61847416793456,18.967126018331776,1.0,0.0,0.0
648,72.58743987780335,18.975172169100304,1.0,0.0,0.0
649,72.60682355051732,18.972441066728397,1.0,0.0,0.0
650,72.60722303249965,18.969629842756124,1.0,0.0,0.0
651,72.57467901552674,19.00387492079208,1.0,0.0,0.0
652,72.6199176786913,18.965260492516567,1.0,0.0,0.0
653,72.60886822963604,18.93835233777302,1.0,0.0,0.0
654,72.61884784147745,18.962208532165047,1.0,0.0,0.0
655,72.6026050317709,18.967701539055287,1.0,0.0,0.0
656,72.61379794405487,18.95603817096673,1.0,0.0,0.0
657,72.59461123511525,18.952120691288926,1.0,0.0,0.0
658,72.63167496624983,18.963735268841212,1.0,0.0,0.0
659,72.62561854904807,18.99008158176074,1.0,0.0,0.0
660,72.62240535875905,18.993071146088887,1.0,0.0,0.0
661,72.62319632369544,18.94184027495008,1.0,0.0,0.0
662,72.61069562267556,18.991955394090795,1.0,0.0,0.0
663,72.62272646811935,18.98586578869054,1.0,0.0,0.0
664,72.61074575642388,18.983578880925126,1.0,0.0,0.0
665,72.6421200270532,18.982760940500285,1.0,0.0,0.0
666,72.63300331201806,18.984777876782577,1.0,0.0,0.0
667,72.63480197252888,18.965805914400843,1.0,0.0,0.0
668,72.62733882659221,18.991387324443313,1.0,0.0,0.0
669,72.64471043721274,18.970544381320003,1.0,0.0,0.0
670,72.60756436993593,18.986454197806264,1.0,0.0,0.0
671,72.59594813273323,18.967695762813733,1.0,0.0,0.0
672,72.60733998256542,18.98871951545126,1.0,0.0,0.0
673,72.60767391788094,18.968372587898994,1.0,0.0,0.0
674,72.64872334434106,18.979604987641586,1.0,0.0,0.0
675,72.62539561562919,18.94366490489259,1.0,0.0,0.0
676,72.65231069606578,18.99059527472245,1.0,0.0,0.0
677,72.60225229476431,18.97384134305253,1.0,0.0,0.0
678,72.62348491879135,18.968346248967627,1.0,0.0,0.0
679,72.6282856504328,18.974453083997396,1.0,0.0,0.0
680,72.61141178925787,19.004202375938412,1.0,0.0,0.0
681,72.63770989743135,18.96938649842047,1.0,0.0,0.0
682,72.60222903735477,18.951823945448535,1.0,0.0,0.0
683,72.61627263119807,18.97233720659611,1.0,0.0,0.0
684,72.64578840568633,18.999390027010538,1.0,0.0,0.0
685,72.62482865869652,18.982240534369808,1.0,0.0,0.0
686,72.60008636054866,18.98821922063807,1.0,0.0,0.0
687,72.61970580205359,18.97922912301953,1.0,0.0,0.0
688,72.59962494985581,18.96566662475247,1.0,0.0,0.0
689,72.59352820714889,18.980990621233904,1.0,0.0,0.0
690,72.64076657006565,18.984149585878114,1.0,0.0,0.0
691,72.61822604547655,18.978856374386147,1.0,0.0,0.0
692,72.62390009478924,18.980933675106694,1.0,0.0,0.0
693,72.61605586914139,18.97165871613251,1.0,0.0,0.0
694,72.61627315453183,18.97755024093692,1.0,0.0,0.0
695,72.6295524036668,18.959716901509008,1.0,0.0,0.0
696,72.61872796762384,18.982721603489992,1.0,0.0,0.0
697,72.6380769865586,18.96163443587984,1.0,0.0,0.0
698,72.60863104329455,18.972209837270956,1.0,0.0,0.0
699,72.60300088780068,18.97587580492827,1.0,0.0,0.0
700,72.62207842265245,18.973824068776345,1.0,0.0,0.0
701,72.58305202318407,18.963324038243325,1.0,0.0,0.0
702,72.63157026950724,18.98982056811245,1.0,0.0,0.0
703,72.57846067004245,18.99057005151068,1.0,0.0,0.0
704,72.60099139214138,18.944778083683016,1.0,0.0,0.0
705,72.62334488441562,18.968404764214196,1.0,0.0,0.0
706,72.64226883848274,18.991042691046182,1.0,0.0,0.0
707,72.61095578135846,18.97968477048519,1.0,0.0,0.0
708,72.60347721022488,18.973287955674667,1.0,0.0,0.0
709,72.60077324346526,18.982248658802806,1.0,0.0,0.0
710,72.60515385429997,18.970095285400625,1.0,0.0,0.0
711,72.63471429850645,18.98259653255226,1.0,0.0,0.0
712,72.60302475960327,18.965793534387714,1.0,0.0,0.0
713,72.63201586509433,18.9862048760794,1.0,0.0,0.0
714,72.62435018345653,19.00653364097864,1.0,0.0,0.0
715,72.60888088542647,18.951351272852833,1.0,0.0,0.0
716,72.63799326710026,18.97866752467719,1.0,0.0,0.0
717,72.59961005205619,18.96200227785569,1.0,0.0,0.0
718,72.60183301658185,18.965786307607015,1.0,0.0,0.0
719,72.59306500576099,18.959008481828945,1.0,0.0,0.0
720,72.6581793416391,18.976880909795863,1.0,0.0,0.0
721,72.60860703292555,18.970527277432573,1.0,0.0,0.0
722,72.60155747563765,18.982752691044414,1.0,0.0,0.0
723,72.63420227736404,19.008690829238642,1.0,0.0,0.0
724,72.60625831985418,18.99573283270279,1.0,0.0,0.0
725,72.59094611399938,18.96445488983645,1.0,0.0,0.0
726,72.61089385591963,18.954414855595587,1.0,0.0,0.0
727,72.60268761221398,18.978219126442227,1.0,0.0,0.0
728,72.60339370646356,18.97277521319328,1.0,0.0,0.0
729,72.61750172698727,18.97850008000297,1.0,0.0,0.0
730,72.60795796867335,18.972441410117735,1.0,0.0,0.0
731,72.61861121727979,18.968929824867814,1.0,0.0,0.0
732,72.60860820331094,18.96312584273957,1.0,0.0,0.0
733,72.61010908537195,18.969272992150245,1.0,0.0,0.0
734,72.61346706901763,18.971538160332564,1.0,0.0,0.0
735,72.6324978456671,18.971985352850734,1.0,0.0,0.0
736,72.64305464322462,18.987300595718768,1.0,0.0,0.0
737,72.60807468619468,18.97131797641343,1.0,0.0,0.0
738,72.62533161671438,18.978397218322463,1.0,0.0,0.0
739,72.61737181352449,18.96740941130199,1.0,0.0,0.0
740,72.61281016626069,18.972839777428334,1.0,0.0,0.0
741,72.62753719332933,18.957395162084527,1.0,0.0,0.0
742,72.63993137045173,18.97681071909741,1.0,0.0,0.0
743,72.62148135284343,18.97699497480027,1.0,0.0,0.0
744,72.635575884729,18.96461386356825,1.0,0.0,0.0
745,72.6145246387933,18.98607435558272,1.0,0.0,0.0
746,72.63824288158364,18.971279750429495,1.0,0.0,0.0
747,72.6253000435707,18.991123369470987,1.0,0.0,0.0
748,72.61971927424257,18.996007982082638,1.0,0.0,0.0
749,72.61524197317915,18.983760588070176,1.0,0.0,0.0
750,72.61595895841572,18.987432124801995,1.0,0.0,0.0
751,72.609671312872,18.98193971584802,1.0,0.0,0.0
752,72.59590810109626,18.966474240022688,1.0,0.0,0.0
753,72.62761160890598,18.978367530615007,1.0,0.0,0.0
754,72.61804654786266,18.96989959938688,1.0,0.0,0.0
755,72.62568022448883,18.982764172829697,1.0,0.0,0.0
756,72.60116567046046,18.98301738577041,1.0,0.0,0.0
757,72.63134763312793,18.980648853247466,1.0,0.0,0.0
758,72.62569699684799,18.96636148912801,1.0,0.0,0.0
759,72.6158158333245,18.976441420751062,1.0,0.0,0.0
760,72.63458184370316,18.99289225382728,1.0,0.0,0.0
761,72.63608696624381,18.95341359416104,1.0,0.0,0.0
762,72.6227850350513,18.963313954004597,1.0,0.0,0.0
763,72.59755145263001,18.97313398965495,1.0,0.0,0.0
764,72.62483133319422,18.979163021153234,1.0,0.0,0.0
765,72.63294864356493,18.950908354473903,1.0,0.0,0.0
766,72.60682449274452,18.98269909519668,1.0,0.0,0.0
767,72.60571508866522,18.98635054251441,1.0,0.0,0.0
768,72.60063200862702,19.00159738014494,1.0,0.0,0.0
769,72.60528419167537,18.97187342782248,1.0,0.0,0.0
770,72.61890856956352,18.992849051666695,1.0,0.0,0.0
771,72.60517675699691,18.955690935397804,1.0,0.0,0.0
772,72.60500029865133,18.98987694982487,1.0,0.0,0.0
773,72.62475253633217,18.973468607053267,1.0,0.0,0.0
774,72.61134599839129,18.94837194513149,1.0,0.0,0.0
775,72.63885615464747,18.979553228661285,1.0,0.0,0.0
776,72.63212515466445,18.957119489225697,1.0,0.0,0.0
777,72.63502679314249,18.979080889991707,1.0,0.0,0.0
778,72.59274235353949,18.96144147841966,1.0,0.0,0.0
779,72.6084883056367,18.966199895962564,1.0,0.0,0.0
780,72.58823698893542,18.979404316034973,1.0,0.0,0.0
781,72.62510353366415,18.94984667303153,1.0,0.0,0.0
782,72.62556779460176,18.970893354390615,1.0,0.0,0.0
783,72.66920136620402,18.96289365817066,1.0,0.0,0.0
784,72.6129708875379,18.955612694208078,1.0,0.0,0.0
785,72.62430260434672,18.986310422415855,1.0,0.0,0.0
786,72.60532005171109,18.98589518832131,1.0,0.0,0.0
787,72.60484443053292,19.013739711978328,1.0,0.0,0.0
788,72.60586240413772,18.978340501656458,1.0,0.0,0.0
789,72.6395458261779,18.96051499418247,1.0,0.0,0.0
790,72.63420722401682,18.967605173494505,1.0,0.0,0.0
791,72.6279386580501,18.979331991225923,1.0,0.0,0.0
792,72.63055781188719,18.973260354873595,1.0,0.0,0.0
793,72.62164710511993,18.96045812456782,1.0,0.0,0.0
794,72.63470276627682,18.981226447991148,1.0,0.0,0.0
795,72.62423487780059,18.978530668040623,1.0,0.0,0.0
796,72.61260499015725,18.986199264438167,1.0,0.0,0.0
797,72.61651396437782,18.974633383990017,1.0,0.0,0.0
798,72.60825788682457,18.977231469517292,1.0,0.0,0.0
799,72.62572854691801,18.974826214819817,1.0,0.0,0.0
800,72.63010641946339,18.967106308966766,1.0,0.0,0.0
801,72.60536394230164,18.98816400590074,1.0,0.0,0.0
802,72.61742306105172,18.962023199414514,1.0,0.0,0.0
803,72.606970888024,18.975344698611558,1.0,0.0,0.0
804,72.61667564698841,18.956142334272478,1.0,0.0,0.0
805,72.61978796805695,18.966480508249745,1.0,0.0,0.0
806,72.62057409454263,18.96477801389228,1.0,0.0,0.0
807,72.63118614526262,18.983542433343082,1.0,0.0,0.0
808,72.63497834484208,18.98086190170839,1.0,0.0,0.0
809,72.6112435415126,18.987922692201522,1.0,0.0,0.0
810,72.62736726430104,18.967420191165502,1.0,0.0,0.0
811,72.59553891791438,18.99418452564969,1.0,0.0,0.0
812,72.58014368666842,18.995798036925603,1.0,0.0,0.0
813,72.59519712201327,18.95093402529794,1.0,0.0,0.0
814,72.59692256520103,19.026559192716963,1.0,0.0,0.0
815,72.62127966510971,18.983086694417615,1.0,0.0,0.0
816,72.59892461304523,18.988459049190475,1.0,0.0,0.0
817,72.62545489595007,18.98261796313013,1.0,0.0,0.0
818,72.61327036170896,18.98231549423732,1.0,0.0,0.0
819,72.59626514277777,18.96864962486408,1.0,0.0,0.0
820,72.6129659020482,18.963128462833367,1.0,0.0,0.0
821,72.63149317735041,18.977961147582132,1.0,0.0,0.0
822,72.66891622746171,18.992868710793807,1.0,0.0,0.0
823,72.58651992568493,18.985211859447453,1.0,0.0,0.0
824,72.6158078174753,18.974298264949688,1.0,0.0,0.0
825,72.6369194515604,18.978387295090307,1.0,0.0,0.0
826,72.58238502049474,18.963341153601498,1.0,0.0,0.0
827,72.61010704518489,18.94460525863633,1.0,0.0,0.0
828,72.59494925740874,18.973646140361378,1.0,0.0,0.0
829,72.60079078947274,18.98747364659788,1.0,0.0,0.0
830,72.63085929732993,18.97658749496678,1.0,0.0,0.0
831,72.58512130048572,18.999704428576628,1.0,0.0,0.0
832,72.62415383505285,18.980241980473263,1.0,0.0,0.0
833,72.59099367828983,18.968981871480143,1.0,0.0,0.0
834,72.61917584808832,18.96822176546506,1.0,0.0,0.0
835,72.62413157602423,18.959922997789228,1.0,0.0,0.0
836,72.61767180283006,18.9632205839585,1.0,0.0,0.0
837,72.6411436337636,18.970040983337924,1.0,0.0,0.0
838,72.62053660517854,18.97180775544123,1.0,0.0,0.0
839,72.60465636373495,18.953346922398097,1.0,0.0,0.0
840,72.61353958545158,18.976219527236815,1.0,0.0,0.0
841,72.60469886252754,18.981489561279325,1.0,0.0,0.0
842,72.61207970385038,18.971364573012895,1.0,0.0,0.0
843,72.61855829096757,18.960452202268364,1.0,0.0,0.0
844,72.6285049318029,18.9426767208436,1.0,0.0,0.0
845,72.6274185466679,18.993805545080473,1.0,0.0,0.0
846,72.61599803154101,18.97475606558319,1.0,0.0,0.0
847,72.58551779387001,18.963137295489965,1.0,0.0,0.0
848,72.657143616617,18.990905115384468,1.0,0.0,0.0
849,72.62967481542167,18.96227182174309,1.0,0.0,0.0
850,72.61623670991386,18.975317530750633,1.0,0.0,0.0
851,72.61715956272936,18.972267870447393,1.0,0.0,0.0
852,72.59111240278013,19.004464468273685,1.0,0.0,0.0
853,72.60300628433814,18.97728129218675,1.0,0.0,0.0
854,72.6368408184556,18.972137175271296,1.0,0.0,0.0
855,72.60967568155287,18.970247924877697,1.0,0.0,0.0
856,72.62772622789119,18.967574222685197,1.0,0.0,0.0
857,72.64008987740088,18.99748590743638,1.0,0.0,0.0
858,72.6123802237983,18.96986914626567,1.0,0.0,0.0
859,72.62773149081994,18.972490796724486,1.0,0.0,0.0
860,72.59679867450964,18.96653308687035,1.0,0.0,0.0
861,72.62085100484344,18.99482676685132,1.0,0.0,0.0
862,72.61272146885523,18.960352209775515,1.0,0.0,0.0
863,72.62346162603845,19.00210603787979,1.0,0.0,0.0
864,72.60958422716348,18.984758086597704,1.0,0.0,0.0
865,72.6285638178391,18.97860042554404,1.0,0.0,0.0
866,72.61623296253433,18.970528223825575,1.0,0.0,0.0
867,72.59893684036027,18.979805019829467,1.0,0.0,0.0
868,72.61742137505306,18.954544541603248,1.0,0.0,0.0
869,72.60983737169113,18.97384849708958,1.0,0.0,0.0
870,72.60885108977851,18.98819071046541,1.0,0.0,0.0
871,72.61287020981793,18.99061833183327,1.0,0.0,0.0
872,72.61734378496601,18.941681076606386,1.0,0.0,0.0
873,72.60951346223648,18.957366242863632,1.0,0.0,0.0
874,72.60990297253021,19.01115261798876,1.0,0.0,0.0
875,72.62042943514648,18.97012734945309,1.0,0.0,0.0
876,72.59302344365008,18.945769878037783,1.0,0.0,0.0
877,72.62373146870874,19.008761262447273,1.0,0.0,0.0
878,72.5947412741652,18.962769017164664,1.0,0.0,0.0
879,72.59100602919717,18.95589337061187,1.0,0.0,0.0
880,72.60561965763667,18.970804435225315,1.0,0.0,0.0
881,72.62598216830705,18.958783335116994,1.0,0.0,0.0
882,72.59998311160234,18.99288814262534,1.0,0.0,0.0
883,72.63655648815588,18.982963133383368,1.0,0.0,0.0
884,72.6350892553033,18.97777191411936,1.0,0.0,0.0
885,72.62973579488713,18.98088209907627,1.0,0.0,0.0
886,72.61581762357955,18.968357524252916,1.0,0.0,0.0
887,72.5862301886739,18.96804279837526,1.0,0.0,0.0
888,72.61812407908948,18.95987402900929,1.0,0.0,0.0
889,72.6024911315982,18.962018990162182,1.0,0.0,0.0
890,72.62498921832943,18.96981888258142,1.0,0.0,0.0
891,72.6252453326107,18.976179693162322,1.0,0.0,0.0
892,72.62974450456176,18.987762204764024,1.0,0.0,0.0
893,72.63757433014408,18.975695317847645,1.0,0.0,0.0
894,72.61748569693943,18.96949571379558,1.0,0.0,0.0
895,72.60122193125655,18.992239449709786,1.0,0.0,0.0
896,72.5978977089526,18.971933577318577,1.0,0.0,0.0
897,72.60666156299376,19.000422759220502,1.0,0.0,0.0
898,72.61714197445733,18.98396842092463,1.0,0.0,0.0
899,72.60898606343733,18.98857602402558,1.0,0.0,0.0
900,72.60409725563593,18.977560873098295,1.0,0.0,0.0
901,72.59059904912365,18.94881529027824,1.0,0.0,0.0
902,72.63126959238794,18.94580213228115,1.0,0.0,0.0
903,72.60341276304896,18.966083232594293,1.0,0.0,0.0
904,72.59779448701771,18.98862729111256,1.0,0.0,0.0
905,72.58933799913996,18.978850380639482,1.0,0.0,0.0
906,72.60229810331231,18.979677357021163,1.0,0.0,0.0
907,72.60839609422688,18.986674111569336,1.0,0.0,0.0
908,72.62907117474629,18.96528724801302,1.0,0.0,0.0
909,72.61887219601695,18.96538335893819,1.0,0.0,0.0
910,72.6284984275455,18.993736825825334,1.0,0.0,0.0
911,72.61726704609842,18.961534673013922,1.0,0.0,0.0
912,72.61312206667401,18.97542624745965,1.0,0.0,0.0
913,72.60705070678726,18.986548542545997,1.0,0.0,0.0
914,72.61724908967372,18.988425314059423,1.0,0.0,0.0
915,72.63387166702852,18.961931632048337,1.0,0.0,0.0
916,72.6020638119077,18.96537199306895,1.0,0.0,0.0
917,72.63644757627694,18.97842510703233,1.0,0.0,0.0
918,72.63525132560211,18.999640017754004,1.0,0.0,0.0
919,72.61182720901567,18.97007809568354,1.0,0.0,0.0
920,72.65579704870471,18.980618832447895,1.0,0.0,0.0
921,72.62584632929664,19.005728147252007,1.0,0.0,0.0
922,72.61500856021122,18.98829247088614,1.0,0.0,0.0
923,72.65208059195635,18.98835504040585,1.0,0.0,0.0
924,72.59051784261398,18.99303844247474,1.0,0.0,0.0
925,72.60314549704432,18.96876760726492,1.0,0.0,0.0
926,72.62285507872637,18.99115084618319,1.0,0.0,0.0
927,72.61655883477825,18.975107447640646,1.0,0.0,0.0
928,72.61426879427806,18.993774243618343,1.0,0.0,0.0
929,72.64331052226153,18.98346923297496,1.0,0.0,0.0
930,72.634046194285,18.994530882402444,1.0,0.0,0.0
931,72.62405196153199,18.958458225956658,1.0,0.0,0.0
932,72.60457417690982,18.990255408287585,1.0,0.0,0.0
933,72.59755596579426,18.960597658788917,1.0,0.0,0.0
934,72.62520980016141,18.98053000402448,1.0,0.0,0.0
935,72.60542457564355,18.981120001367447,1.0,0.0,0.0
936,72.61964653688536,18.97652479792361,1.0,0.0,0.0
937,72.6286965739996,18.96648763335868,1.0,0.0,0.0
938,72.64698718044725,18.975081739714206,1.0,0.0,0.0
939,72.60396081820639,18.987787913794783,1.0,0.0,0.0
940,72.63571174541907,18.97993006412091,1.0,0.0,0.0
941,72.60969037167595,19.009683100270465,1.0,0.0,0.0
942,72.59472447584685,18.96355814591141,1.0,0.0,0.0
943,72.6231364643953,18.962282361174616,1.0,0.0,0.0
944,72.61004526321922,18.971469122785965,1.0,0.0,0.0
945,72.60493465922659,18.955257187649295,1.0,0.0,0.0
946,72.60494449466,18.980244983180345,1.0,0.0,0.0
947,72.60635059192386,18.96534218010473,1.0,0.0,0.0
948,72.66114313826775,18.964011202849512,1.0,0.0,0.0
949,72.63495938266152,18.999026526349425,1.0,0.0,0.0
950,72.63576298839968,18.983847159142975,1.0,0.0,0.0
951,72.6006816934632,18.992487077133017,1.0,0.0,0.0
952,72.63419735903446,18.957962623469683,1.0,0.0,0.0
953,72.6375907811254,18.959519481968446,1.0,0.0,0.0
954,72.5933306736526,18.979216651839934,1.0,0.0,0.0
955,72.63887424270312,18.972228041057825,1.0,0.0,0.0
956,72.6124243760317,18.971410128937006,1.0,0.0,0.0
957,72.58309304480908,18.963952453723504,1.0,0.0,0.0
958,72.6196696066559,18.97098021498794,1.0,0.0,0.0
959,72.62064674447089,19.009335392204093,1.0,0.0,0.0
960,72.62675283211841,18.97394423158394,1.0,0.0,0.0
961,72.61544761577801,18.96946793133358,1.0,0.0,0.0
962,72.61896469547607,18.983148184206286,1.0,0.0,0.0
963,72.63607779724276,18.967942353050205,1.0,0.0,0.0
964,72.61768814206577,18.961589845675874,1.0,0.0,0.0
965,72.60284566051844,18.968374071221863,1.0,0.0,0.0
966,72.60565815435531,18.991826866904688,1.0,0.0,0.0
967,72.60623392502787,18.99456677893977,1.0,0.0,0.0
968,72.6391860247162,18.989205354117544,1.0,0.0,0.0
969,72.63348666490015,18.9615684556493,1.0,0.0,0.0
970,72.59593172287059,19.005590925466567,1.0,0.0,0.0
971,72.59624394807862,18.960094513298188,1.0,0.0,0.0
972,72.60324641588394,18.971086304645876,1.0,0.0,0.0
973,72.62780672562675,18.969893462413317,1.0,0.0,0.0
974,72.63578974760277,18.97921613823792,1.0,0.0,0.0
975,72.63405663098379,18.977392902142782,1.0,0.0,0.0
976,72.62043707383738,18.97305103071987,1.0,0.0,0.0
977,72.6127117149781,18.96392991595763,1.0,0.0,0.0
978,72.62598230311089,18.97238669641022,1.0,0.0,0.0
979,72.60555462593669,18.964362487553206,1.0,0.0,0.0
980,72.62386981874627,18.973132651023448,1.0,0.0,0.0
981,72.66185504384985,18.967351698065496,1.0,0.0,0.0
982,72.62822756806796,18.985717866899215,1.0,0.0,0.0
983,72.62343536439602,18.981151388739097,1.0,0.0,0.0
984,72.59320111045947,18.99806535608189,1.0,0.0,0.0
985,72.61039374930165,18.97211636361415,1.0,0.0,0.0
986,72.6187421397302,18.992554122061847,1.0,0.0,0.0
987,72.63326319982353,18.965701177018374,1.0,0.0,0.0
988,72.63693563705385,18.984947141441154,1.0,0.0,0.0
989,72.61970108933907,19.01402996546841,1.0,0.0,0.0
990,72.63243028307801,18.997366939226605,1.0,0.0,0.0
991,72.61079131202493,18.996637187260927,1.0,0.0,0.0
992,72.59857646154497,19.010733517373673,1.0,0.0,0.0
993,72.59806031036396,18.96375018580798,1.0,0.0,0.0
994,72.62101679797306,18.999568736079635,1.0,0.0,0.0
995,72.61692026673943,18.96953121249984,1.0,0.0,0.0
996,72.61607268673838,18.962852776274765,1.0,0.0,0.0
997,72.60749792560097,18.965804023059203,1.0,0.0,0.0
998,72.62943600691725,18.991056370920298,1.0,0.0,0.0
999,72.60741140829685,18.963949360076963,1.0,0.0,0.0
